{
    "data": [{
        "day": 1,
        "totalconsumption": 100,
        "devices":{
            "light": {
                "uph": 10,
                "ontime": {
                    "from": [1, 5, 7],
                    "to": [2,6,8]
                }
            },
            "fan": {
                "uph": 20,
                "ontime": {
                    "from": [2, 5, 7],
                    "to": [2.2,5.1,8]
                }
            },
            "ac": {
                "uph": 30,
                "ontime": {
                    "from": [1.3, 5, 7.2],
                    "to": [2,6,8.2]
                }
            }
        }
    },
    {
        "day": 2,
        "totalconsumption": 100,
        "devices":{
            "light": {
                "uph": 10,
                "ontime": {
                    "from": [1, 5, 7],
                    "to": [2,6,8]
                }
            },
            "fan": {
                "uph": 20,
                "ontime": {
                    "from": [2, 5, 7],
                    "to": [2.2,5.1,8]
                }
            },
            "ac": {
                "uph": 30,
                "ontime": {
                    "from": [1.3, 5, 7.2],
                    "to": [2,6,8.2]
                }
            }
        }
    }]
}
