{
    "data": [{"day": 1,
         "totalconsumption": 27340,
         "devices":{
         "light": {
         "uph": 40,
         "ontime": {
         "from": [17, 4, 4],
         "to": [22,17,6]
     }
 },
 "fan": {
 "uph": 60,
 "ontime": {
 "from": [6, 8, 17],
 "to": [10,17,19]
 }
 },
 "ac": {
 "uph": 1500,
 "ontime": {
 "from": [14, 12, 9],
 "to": [15,14,22]
 }
 }
 }
 },
{"day": 2,
         "totalconsumption": 21380,
         "devices":{
         "light": {
         "uph": 40,
         "ontime": {
         "from": [21, 23, 6],
         "to": [23,0,11]
     }
 },
 "fan": {
 "uph": 60,
 "ontime": {
 "from": [18, 16, 19],
 "to": [21,19,23]
 }
 },
 "ac": {
 "uph": 1500,
 "ontime": {
 "from": [3, 9, 7],
 "to": [21,21,11]
 }
 }
 }
 },
{"day": 3,
         "totalconsumption": 58140,
         "devices":{
         "light": {
         "uph": 40,
         "ontime": {
         "from": [20, 21, 12],
         "to": [22,23,22]
     }
 },
 "fan": {
 "uph": 60,
 "ontime": {
 "from": [8, 4, 2],
 "to": [11,15,19]
 }
 },
 "ac": {
 "uph": 1500,
 "ontime": {
 "from": [17, 9, 7],
 "to": [18,11,18]
 }
 }
 }
 },
{"day": 4,
         "totalconsumption": 8260,
         "devices":{
         "light": {
         "uph": 40,
         "ontime": {
         "from": [0, 9, 18],
         "to": [18,17,20]
     }
 },
 "fan": {
 "uph": 60,
 "ontime": {
 "from": [16, 17, 9],
 "to": [21,21,10]
 }
 },
 "ac": {
 "uph": 1500,
 "ontime": {
 "from": [18, 15, 23],
 "to": [23,22,0]
 }
 }
 }
 },
{"day": 5,
         "totalconsumption": 32080,
         "devices":{
         "light": {
         "uph": 40,
         "ontime": {
         "from": [4, 22, 7],
         "to": [14,23,9]
     }
 },
 "fan": {
 "uph": 60,
 "ontime": {
 "from": [1, 9, 17],
 "to": [23,15,22]
 }
 },
 "ac": {
 "uph": 1500,
 "ontime": {
 "from": [21, 18, 10],
 "to": [23,23,23]
 }
 }
 }
 },
{"day": 6,
         "totalconsumption": 15460,
         "devices":{
         "light": {
         "uph": 40,
         "ontime": {
         "from": [0, 20, 12],
         "to": [17,21,15]
     }
 },
 "fan": {
 "uph": 60,
 "ontime": {
 "from": [12, 2, 20],
 "to": [18,12,23]
 }
 },
 "ac": {
 "uph": 1500,
 "ontime": {
 "from": [21, 3, 17],
 "to": [23,8,20]
 }
 }
 }
 },
{"day": 7,
         "totalconsumption": 39280,
         "devices":{
         "light": {
         "uph": 40,
         "ontime": {
         "from": [22, 8, 18],
         "to": [23,18,20]
     }
 },
 "fan": {
 "uph": 60,
 "ontime": {
 "from": [14, 5, 1],
 "to": [17,14,13]
 }
 },
 "ac": {
 "uph": 1500,
 "ontime": {
 "from": [0, 10, 11],
 "to": [6,14,22]
 }
 }
 }
}]
 }
